[{"model": "admin.logentry", "pk": 1, "fields": {"action_time": "2024-06-13T17:18:36.891Z", "user": 1, "content_type": 6, "object_id": "1", "object_repr": "T-shirts", "action_flag": 1, "change_message": "[{\"added\": {}}]"}}, {"model": "admin.logentry", "pk": 2, "fields": {"action_time": "2024-06-13T17:20:40.384Z", "user": 1, "content_type": 6, "object_id": "2", "object_repr": "Shirts", "action_flag": 1, "change_message": "[{\"added\": {}}]"}}, {"model": "admin.logentry", "pk": 3, "fields": {"action_time": "2024-06-13T17:21:50.539Z", "user": 1, "content_type": 6, "object_id": "3", "object_repr": "Shoes", "action_flag": 1, "change_message": "[{\"added\": {}}]"}}, {"model": "admin.logentry", "pk": 4, "fields": {"action_time": "2024-06-13T17:22:16.245Z", "user": 1, "content_type": 6, "object_id": "4", "object_repr": "Pants", "action_flag": 1, "change_message": "[{\"added\": {}}]"}}, {"model": "admin.logentry", "pk": 5, "fields": {"action_time": "2024-06-13T17:23:54.036Z", "user": 1, "content_type": 6, "object_id": "5", "object_repr": "Jackets", "action_flag": 1, "change_message": "[{\"added\": {}}]"}}, {"model": "admin.logentry", "pk": 6, "fields": {"action_time": "2024-06-14T04:50:25.998Z", "user": 1, "content_type": 8, "object_id": "1", "object_repr": "Red Stripe Shirt", "action_flag": 1, "change_message": "[{\"added\": {}}]"}}, {"model": "admin.logentry", "pk": 7, "fields": {"action_time": "2024-06-14T04:50:59.263Z", "user": 1, "content_type": 8, "object_id": "2", "object_repr": "Nike Air Force", "action_flag": 1, "change_message": "[{\"added\": {}}]"}}, {"model": "admin.logentry", "pk": 8, "fields": {"action_time": "2024-06-14T04:51:30.046Z", "user": 1, "content_type": 8, "object_id": "3", "object_repr": "Black T shirt", "action_flag": 1, "change_message": "[{\"added\": {}}]"}}, {"model": "admin.logentry", "pk": 9, "fields": {"action_time": "2024-06-14T04:51:55.529Z", "user": 1, "content_type": 8, "object_id": "4", "object_repr": "Blue T shirt", "action_flag": 1, "change_message": "[{\"added\": {}}]"}}, {"model": "admin.logentry", "pk": 10, "fields": {"action_time": "2024-06-14T04:52:45.127Z", "user": 1, "content_type": 8, "object_id": "5", "object_repr": "Red Vans", "action_flag": 1, "change_message": "[{\"added\": {}}]"}}, {"model": "admin.logentry", "pk": 11, "fields": {"action_time": "2024-06-14T04:53:30.088Z", "user": 1, "content_type": 8, "object_id": "6", "object_repr": "Multi color Shirt", "action_flag": 1, "change_message": "[{\"added\": {}}]"}}, {"model": "admin.logentry", "pk": 12, "fields": {"action_time": "2024-06-14T04:54:11.174Z", "user": 1, "content_type": 8, "object_id": "7", "object_repr": "Formal Shoe", "action_flag": 1, "change_message": "[{\"added\": {}}]"}}, {"model": "admin.logentry", "pk": 13, "fields": {"action_time": "2024-06-14T04:54:48.706Z", "user": 1, "content_type": 8, "object_id": "8", "object_repr": "Black Leather Jacket", "action_flag": 1, "change_message": "[{\"added\": {}}]"}}, {"model": "admin.logentry", "pk": 14, "fields": {"action_time": "2024-06-14T04:55:19.392Z", "user": 1, "content_type": 8, "object_id": "9", "object_repr": "Formal Pant", "action_flag": 1, "change_message": "[{\"added\": {}}]"}}, {"model": "admin.logentry", "pk": 15, "fields": {"action_time": "2024-06-19T06:54:25.163Z", "user": 1, "content_type": 6, "object_id": "6", "object_repr": "Hats", "action_flag": 1, "change_message": "[{\"added\": {}}]"}}, {"model": "admin.logentry", "pk": 16, "fields": {"action_time": "2024-06-19T07:28:11.769Z", "user": 1, "content_type": 8, "object_id": "10", "object_repr": "Straw Hat", "action_flag": 1, "change_message": "[{\"added\": {}}]"}}, {"model": "admin.logentry", "pk": 17, "fields": {"action_time": "2024-06-19T17:12:27.164Z", "user": 1, "content_type": 10, "object_id": "1", "object_repr": "Black", "action_flag": 1, "change_message": "[{\"added\": {}}]"}}, {"model": "admin.logentry", "pk": 18, "fields": {"action_time": "2024-06-19T17:12:53.275Z", "user": 1, "content_type": 10, "object_id": "2", "object_repr": "Blue", "action_flag": 1, "change_message": "[{\"added\": {}}]"}}, {"model": "admin.logentry", "pk": 19, "fields": {"action_time": "2024-06-19T17:14:26.067Z", "user": 1, "content_type": 8, "object_id": "11", "object_repr": "Red T shirt", "action_flag": 1, "change_message": "[{\"added\": {}}]"}}, {"model": "admin.logentry", "pk": 20, "fields": {"action_time": "2024-06-19T17:14:47.600Z", "user": 1, "content_type": 10, "object_id": "3", "object_repr": "Red", "action_flag": 1, "change_message": "[{\"added\": {}}]"}}, {"model": "admin.logentry", "pk": 21, "fields": {"action_time": "2024-06-19T17:16:39.679Z", "user": 1, "content_type": 8, "object_id": "12", "object_repr": "Solid color T shirts", "action_flag": 1, "change_message": "[{\"added\": {}}]"}}, {"model": "admin.logentry", "pk": 22, "fields": {"action_time": "2024-06-19T17:17:23.994Z", "user": 1, "content_type": 10, "object_id": "3", "object_repr": "Red", "action_flag": 3, "change_message": ""}}, {"model": "admin.logentry", "pk": 23, "fields": {"action_time": "2024-06-19T17:17:24.080Z", "user": 1, "content_type": 10, "object_id": "2", "object_repr": "Blue", "action_flag": 3, "change_message": ""}}, {"model": "admin.logentry", "pk": 24, "fields": {"action_time": "2024-06-19T17:17:24.178Z", "user": 1, "content_type": 10, "object_id": "1", "object_repr": "Black", "action_flag": 3, "change_message": ""}}, {"model": "admin.logentry", "pk": 25, "fields": {"action_time": "2024-06-19T17:17:34.519Z", "user": 1, "content_type": 10, "object_id": "4", "object_repr": "Black", "action_flag": 1, "change_message": "[{\"added\": {}}]"}}, {"model": "admin.logentry", "pk": 26, "fields": {"action_time": "2024-06-19T17:17:47.533Z", "user": 1, "content_type": 10, "object_id": "5", "object_repr": "Blue", "action_flag": 1, "change_message": "[{\"added\": {}}]"}}, {"model": "admin.logentry", "pk": 27, "fields": {"action_time": "2024-06-19T17:17:54.391Z", "user": 1, "content_type": 10, "object_id": "6", "object_repr": "Red", "action_flag": 1, "change_message": "[{\"added\": {}}]"}}, {"model": "admin.logentry", "pk": 28, "fields": {"action_time": "2024-06-20T08:07:26.696Z", "user": 1, "content_type": 10, "object_id": "7", "object_repr": "L", "action_flag": 1, "change_message": "[{\"added\": {}}]"}}, {"model": "admin.logentry", "pk": 29, "fields": {"action_time": "2024-06-20T08:07:37.715Z", "user": 1, "content_type": 10, "object_id": "8", "object_repr": "M", "action_flag": 1, "change_message": "[{\"added\": {}}]"}}, {"model": "admin.logentry", "pk": 30, "fields": {"action_time": "2024-06-20T08:07:45.371Z", "user": 1, "content_type": 10, "object_id": "9", "object_repr": "XL", "action_flag": 1, "change_message": "[{\"added\": {}}]"}}, {"model": "admin.logentry", "pk": 31, "fields": {"action_time": "2024-06-20T08:07:52.833Z", "user": 1, "content_type": 10, "object_id": "10", "object_repr": "S", "action_flag": 1, "change_message": "[{\"added\": {}}]"}}, {"model": "admin.logentry", "pk": 32, "fields": {"action_time": "2024-06-20T09:05:34.966Z", "user": 1, "content_type": 11, "object_id": "2", "object_repr": "CartItem object (2)", "action_flag": 3, "change_message": ""}}, {"model": "admin.logentry", "pk": 33, "fields": {"action_time": "2024-06-20T09:05:41.157Z", "user": 1, "content_type": 11, "object_id": "3", "object_repr": "CartItem object (3)", "action_flag": 3, "change_message": ""}}, {"model": "admin.logentry", "pk": 34, "fields": {"action_time": "2024-06-20T09:05:47.802Z", "user": 1, "content_type": 11, "object_id": "4", "object_repr": "CartItem object (4)", "action_flag": 3, "change_message": ""}}, {"model": "admin.logentry", "pk": 35, "fields": {"action_time": "2024-06-20T09:06:01.908Z", "user": 1, "content_type": 11, "object_id": "6", "object_repr": "CartItem object (6)", "action_flag": 3, "change_message": ""}}, {"model": "admin.logentry", "pk": 36, "fields": {"action_time": "2024-06-21T05:58:09.856Z", "user": 1, "content_type": 7, "object_id": "3", "object_repr": "ahmar@gmail.com", "action_flag": 3, "change_message": ""}}, {"model": "admin.logentry", "pk": 37, "fields": {"action_time": "2024-06-21T05:59:09.847Z", "user": 1, "content_type": 7, "object_id": "2", "object_repr": "khaledmushahed@gmail.com", "action_flag": 3, "change_message": ""}}, {"model": "admin.logentry", "pk": 38, "fields": {"action_time": "2024-06-21T15:12:13.555Z", "user": 1, "content_type": 7, "object_id": "4", "object_repr": "ahmar@gmail.com", "action_flag": 3, "change_message": ""}}, {"model": "admin.logentry", "pk": 39, "fields": {"action_time": "2024-06-21T15:17:24.222Z", "user": 1, "content_type": 7, "object_id": "5", "object_repr": "ahmar@gmail.com", "action_flag": 3, "change_message": ""}}, {"model": "admin.logentry", "pk": 40, "fields": {"action_time": "2024-06-21T15:18:40.282Z", "user": 1, "content_type": 7, "object_id": "7", "object_repr": "ahmar@gmail.com", "action_flag": 3, "change_message": ""}}, {"model": "admin.logentry", "pk": 41, "fields": {"action_time": "2024-06-21T15:30:21.965Z", "user": 1, "content_type": 7, "object_id": "8", "object_repr": "ahmar@gmail.com", "action_flag": 2, "change_message": "[{\"changed\": {\"fields\": [\"Is active\"]}}]"}}, {"model": "admin.logentry", "pk": 42, "fields": {"action_time": "2024-06-21T16:16:39.478Z", "user": 1, "content_type": 7, "object_id": "9", "object_repr": "arnob@gmail.com", "action_flag": 3, "change_message": ""}}, {"model": "admin.logentry", "pk": 43, "fields": {"action_time": "2024-06-21T16:16:39.572Z", "user": 1, "content_type": 7, "object_id": "6", "object_repr": "khaledmushahed@gmail.com", "action_flag": 3, "change_message": ""}}, {"model": "admin.logentry", "pk": 44, "fields": {"action_time": "2024-06-21T16:21:42.736Z", "user": 1, "content_type": 7, "object_id": "10", "object_repr": "khaledmushahed@gmail.com", "action_flag": 3, "change_message": ""}}, {"model": "admin.logentry", "pk": 45, "fields": {"action_time": "2024-06-21T16:24:40.709Z", "user": 1, "content_type": 7, "object_id": "11", "object_repr": "khaledmushahed@gmail.com", "action_flag": 3, "change_message": ""}}, {"model": "admin.logentry", "pk": 46, "fields": {"action_time": "2024-06-21T16:33:18.689Z", "user": 1, "content_type": 7, "object_id": "13", "object_repr": "deadbryan091@gmail.com", "action_flag": 3, "change_message": ""}}, {"model": "admin.logentry", "pk": 47, "fields": {"action_time": "2024-06-21T16:37:59.005Z", "user": 1, "content_type": 7, "object_id": "14", "object_repr": "deadbryan091@gmail.com", "action_flag": 3, "change_message": ""}}, {"model": "admin.logentry", "pk": 48, "fields": {"action_time": "2024-06-21T16:37:59.097Z", "user": 1, "content_type": 7, "object_id": "12", "object_repr": "khaledmushahed@gmail.com", "action_flag": 3, "change_message": ""}}, {"model": "admin.logentry", "pk": 49, "fields": {"action_time": "2024-06-21T17:02:34.633Z", "user": 1, "content_type": 7, "object_id": "15", "object_repr": "khaledmushahed@gmail.com", "action_flag": 3, "change_message": ""}}, {"model": "admin.logentry", "pk": 50, "fields": {"action_time": "2024-06-21T18:45:25.050Z", "user": 1, "content_type": 11, "object_id": "11", "object_repr": "CartItem object (11)", "action_flag": 3, "change_message": ""}}, {"model": "admin.logentry", "pk": 51, "fields": {"action_time": "2024-06-21T18:45:25.157Z", "user": 1, "content_type": 11, "object_id": "8", "object_repr": "CartItem object (8)", "action_flag": 3, "change_message": ""}}, {"model": "admin.logentry", "pk": 52, "fields": {"action_time": "2024-06-21T18:45:25.249Z", "user": 1, "content_type": 11, "object_id": "7", "object_repr": "CartItem object (7)", "action_flag": 3, "change_message": ""}}, {"model": "admin.logentry", "pk": 53, "fields": {"action_time": "2024-06-22T14:45:36.764Z", "user": 1, "content_type": 14, "object_id": "6", "object_repr": "cnvbnvbn", "action_flag": 3, "change_message": ""}}, {"model": "admin.logentry", "pk": 54, "fields": {"action_time": "2024-06-22T14:45:36.873Z", "user": 1, "content_type": 14, "object_id": "5", "object_repr": "cnvbnvbn", "action_flag": 3, "change_message": ""}}, {"model": "admin.logentry", "pk": 55, "fields": {"action_time": "2024-06-22T14:45:36.937Z", "user": 1, "content_type": 14, "object_id": "4", "object_repr": "fghfgh", "action_flag": 3, "change_message": ""}}, {"model": "admin.logentry", "pk": 56, "fields": {"action_time": "2024-06-22T14:45:37.028Z", "user": 1, "content_type": 14, "object_id": "3", "object_repr": "fghfghfgh", "action_flag": 3, "change_message": ""}}, {"model": "admin.logentry", "pk": 57, "fields": {"action_time": "2024-06-22T14:45:37.100Z", "user": 1, "content_type": 14, "object_id": "2", "object_repr": "dfghdhg", "action_flag": 3, "change_message": ""}}, {"model": "admin.logentry", "pk": 58, "fields": {"action_time": "2024-06-22T14:45:37.195Z", "user": 1, "content_type": 14, "object_id": "1", "object_repr": "Khaled Mushahed", "action_flag": 3, "change_message": ""}}, {"model": "admin.logentry", "pk": 59, "fields": {"action_time": "2024-06-22T17:28:33.801Z", "user": 1, "content_type": 14, "object_id": "7", "object_repr": "cnvbnvbn", "action_flag": 3, "change_message": ""}}, {"model": "admin.logentry", "pk": 60, "fields": {"action_time": "2024-06-22T17:37:08.453Z", "user": 1, "content_type": 14, "object_id": "9", "object_repr": "refgedfgh", "action_flag": 3, "change_message": ""}}, {"model": "admin.logentry", "pk": 61, "fields": {"action_time": "2024-06-22T17:40:25.160Z", "user": 1, "content_type": 14, "object_id": "8", "object_repr": "cnvbnvbn", "action_flag": 3, "change_message": ""}}, {"model": "admin.logentry", "pk": 62, "fields": {"action_time": "2024-06-22T17:40:25.219Z", "user": 1, "content_type": 14, "object_id": "10", "object_repr": "refgedfgh", "action_flag": 3, "change_message": ""}}, {"model": "admin.logentry", "pk": 63, "fields": {"action_time": "2024-06-22T17:43:04.115Z", "user": 1, "content_type": 14, "object_id": "12", "object_repr": "refgedfgh", "action_flag": 3, "change_message": ""}}, {"model": "admin.logentry", "pk": 64, "fields": {"action_time": "2024-06-22T17:43:04.186Z", "user": 1, "content_type": 14, "object_id": "11", "object_repr": "refgedfgh", "action_flag": 3, "change_message": ""}}, {"model": "admin.logentry", "pk": 65, "fields": {"action_time": "2024-06-22T18:44:43.127Z", "user": 1, "content_type": 14, "object_id": "15", "object_repr": "ghjkghjkh", "action_flag": 3, "change_message": ""}}, {"model": "admin.logentry", "pk": 66, "fields": {"action_time": "2024-06-22T18:44:43.208Z", "user": 1, "content_type": 14, "object_id": "14", "object_repr": "ghjkghjkh", "action_flag": 3, "change_message": ""}}, {"model": "admin.logentry", "pk": 67, "fields": {"action_time": "2024-06-22T18:44:43.294Z", "user": 1, "content_type": 14, "object_id": "13", "object_repr": "refgedfgh", "action_flag": 3, "change_message": ""}}, {"model": "admin.logentry", "pk": 68, "fields": {"action_time": "2024-06-23T07:41:00.450Z", "user": 1, "content_type": 11, "object_id": "12", "object_repr": "CartItem object (12)", "action_flag": 3, "change_message": ""}}, {"model": "admin.logentry", "pk": 69, "fields": {"action_time": "2024-06-23T07:41:00.555Z", "user": 1, "content_type": 11, "object_id": "10", "object_repr": "CartItem object (10)", "action_flag": 3, "change_message": ""}}, {"model": "admin.logentry", "pk": 70, "fields": {"action_time": "2024-06-23T07:41:00.635Z", "user": 1, "content_type": 11, "object_id": "9", "object_repr": "CartItem object (9)", "action_flag": 3, "change_message": ""}}, {"model": "admin.logentry", "pk": 71, "fields": {"action_time": "2024-06-23T16:27:08.413Z", "user": 1, "content_type": 14, "object_id": "24", "object_repr": "yuiyuiyuiyui", "action_flag": 3, "change_message": ""}}, {"model": "admin.logentry", "pk": 72, "fields": {"action_time": "2024-06-23T16:27:08.504Z", "user": 1, "content_type": 14, "object_id": "23", "object_repr": "yuiyuiyuiyui", "action_flag": 3, "change_message": ""}}, {"model": "admin.logentry", "pk": 73, "fields": {"action_time": "2024-06-23T16:27:08.604Z", "user": 1, "content_type": 14, "object_id": "22", "object_repr": "yuiyuiyuiyui", "action_flag": 3, "change_message": ""}}, {"model": "admin.logentry", "pk": 74, "fields": {"action_time": "2024-06-23T16:27:08.695Z", "user": 1, "content_type": 14, "object_id": "21", "object_repr": "yuiyuiyuiyui", "action_flag": 3, "change_message": ""}}, {"model": "admin.logentry", "pk": 75, "fields": {"action_time": "2024-06-23T16:27:08.803Z", "user": 1, "content_type": 14, "object_id": "20", "object_repr": "yuiyuiyuiyui", "action_flag": 3, "change_message": ""}}, {"model": "admin.logentry", "pk": 76, "fields": {"action_time": "2024-06-23T16:27:08.903Z", "user": 1, "content_type": 14, "object_id": "19", "object_repr": "yuiyuiyuiyui", "action_flag": 3, "change_message": ""}}, {"model": "admin.logentry", "pk": 77, "fields": {"action_time": "2024-06-23T16:27:09.002Z", "user": 1, "content_type": 14, "object_id": "18", "object_repr": "yuiyuiyuiyui", "action_flag": 3, "change_message": ""}}, {"model": "admin.logentry", "pk": 78, "fields": {"action_time": "2024-06-23T16:27:09.089Z", "user": 1, "content_type": 14, "object_id": "17", "object_repr": "yuiyuiyuiyui", "action_flag": 3, "change_message": ""}}, {"model": "admin.logentry", "pk": 79, "fields": {"action_time": "2024-06-23T16:27:09.195Z", "user": 1, "content_type": 14, "object_id": "16", "object_repr": "ghjkghjkh", "action_flag": 3, "change_message": ""}}, {"model": "admin.logentry", "pk": 80, "fields": {"action_time": "2024-06-23T16:30:51.149Z", "user": 1, "content_type": 10, "object_id": "11", "object_repr": "Red", "action_flag": 1, "change_message": "[{\"added\": {}}]"}}, {"model": "admin.logentry", "pk": 81, "fields": {"action_time": "2024-06-23T16:31:05.029Z", "user": 1, "content_type": 10, "object_id": "12", "object_repr": "L", "action_flag": 1, "change_message": "[{\"added\": {}}]"}}, {"model": "admin.logentry", "pk": 82, "fields": {"action_time": "2024-06-23T16:31:12.719Z", "user": 1, "content_type": 10, "object_id": "13", "object_repr": "M", "action_flag": 1, "change_message": "[{\"added\": {}}]"}}, {"model": "admin.logentry", "pk": 83, "fields": {"action_time": "2024-06-23T16:31:21.681Z", "user": 1, "content_type": 10, "object_id": "14", "object_repr": "XL", "action_flag": 1, "change_message": "[{\"added\": {}}]"}}, {"model": "admin.logentry", "pk": 84, "fields": {"action_time": "2024-06-23T16:31:38.234Z", "user": 1, "content_type": 10, "object_id": "15", "object_repr": "Red", "action_flag": 1, "change_message": "[{\"added\": {}}]"}}, {"model": "admin.logentry", "pk": 85, "fields": {"action_time": "2024-06-23T16:31:49.925Z", "user": 1, "content_type": 10, "object_id": "16", "object_repr": "44", "action_flag": 1, "change_message": "[{\"added\": {}}]"}}, {"model": "admin.logentry", "pk": 86, "fields": {"action_time": "2024-06-23T16:35:21.743Z", "user": 1, "content_type": 14, "object_id": "26", "object_repr": "wfsdvsdf", "action_flag": 3, "change_message": ""}}, {"model": "admin.logentry", "pk": 87, "fields": {"action_time": "2024-06-23T16:35:21.821Z", "user": 1, "content_type": 14, "object_id": "25", "object_repr": "fsdfsdfsdf", "action_flag": 3, "change_message": ""}}, {"model": "admin.logentry", "pk": 88, "fields": {"action_time": "2024-06-23T19:51:02.306Z", "user": 1, "content_type": 14, "object_id": "30", "object_repr": "wfsdvsdf", "action_flag": 3, "change_message": ""}}, {"model": "admin.logentry", "pk": 89, "fields": {"action_time": "2024-06-23T19:51:02.414Z", "user": 1, "content_type": 14, "object_id": "29", "object_repr": "wfsdvsdf", "action_flag": 3, "change_message": ""}}, {"model": "admin.logentry", "pk": 90, "fields": {"action_time": "2024-06-23T19:51:02.497Z", "user": 1, "content_type": 14, "object_id": "28", "object_repr": "wfsdvsdf", "action_flag": 3, "change_message": ""}}, {"model": "admin.logentry", "pk": 91, "fields": {"action_time": "2024-06-23T19:51:02.597Z", "user": 1, "content_type": 14, "object_id": "27", "object_repr": "wfsdvsdf", "action_flag": 3, "change_message": ""}}, {"model": "admin.logentry", "pk": 92, "fields": {"action_time": "2024-06-24T06:31:49.974Z", "user": 1, "content_type": 15, "object_id": "1", "object_repr": "2024062433", "action_flag": 3, "change_message": ""}}, {"model": "admin.logentry", "pk": 93, "fields": {"action_time": "2024-06-24T06:31:59.212Z", "user": 1, "content_type": 14, "object_id": "33", "object_repr": "ertedfgdfg", "action_flag": 3, "change_message": ""}}, {"model": "admin.logentry", "pk": 94, "fields": {"action_time": "2024-06-24T06:31:59.297Z", "user": 1, "content_type": 14, "object_id": "32", "object_repr": "ertedfgdfg", "action_flag": 3, "change_message": ""}}, {"model": "admin.logentry", "pk": 95, "fields": {"action_time": "2024-06-24T06:31:59.390Z", "user": 1, "content_type": 14, "object_id": "31", "object_repr": "wfsdvsdf", "action_flag": 3, "change_message": ""}}, {"model": "admin.logentry", "pk": 96, "fields": {"action_time": "2024-06-24T06:33:55.834Z", "user": 1, "content_type": 10, "object_id": "17", "object_repr": "Black", "action_flag": 1, "change_message": "[{\"added\": {}}]"}}, {"model": "admin.logentry", "pk": 97, "fields": {"action_time": "2024-06-24T06:34:04.469Z", "user": 1, "content_type": 10, "object_id": "18", "object_repr": "XL", "action_flag": 1, "change_message": "[{\"added\": {}}]"}}, {"model": "admin.logentry", "pk": 98, "fields": {"action_time": "2024-06-24T06:34:11.699Z", "user": 1, "content_type": 10, "object_id": "19", "object_repr": "L", "action_flag": 1, "change_message": "[{\"added\": {}}]"}}, {"model": "admin.logentry", "pk": 99, "fields": {"action_time": "2024-06-24T06:34:19.136Z", "user": 1, "content_type": 10, "object_id": "20", "object_repr": "M", "action_flag": 1, "change_message": "[{\"added\": {}}]"}}, {"model": "admin.logentry", "pk": 100, "fields": {"action_time": "2024-06-24T06:34:26.924Z", "user": 1, "content_type": 10, "object_id": "21", "object_repr": "Blue", "action_flag": 1, "change_message": "[{\"added\": {}}]"}}, {"model": "admin.logentry", "pk": 101, "fields": {"action_time": "2024-06-24T06:34:34.412Z", "user": 1, "content_type": 10, "object_id": "22", "object_repr": "XL", "action_flag": 1, "change_message": "[{\"added\": {}}]"}}, {"model": "admin.logentry", "pk": 102, "fields": {"action_time": "2024-06-24T06:34:42.500Z", "user": 1, "content_type": 10, "object_id": "23", "object_repr": "L", "action_flag": 1, "change_message": "[{\"added\": {}}]"}}, {"model": "admin.logentry", "pk": 103, "fields": {"action_time": "2024-06-24T06:34:50.614Z", "user": 1, "content_type": 10, "object_id": "24", "object_repr": "M", "action_flag": 1, "change_message": "[{\"added\": {}}]"}}, {"model": "admin.logentry", "pk": 104, "fields": {"action_time": "2024-06-24T06:49:32.311Z", "user": 1, "content_type": 14, "object_id": "34", "object_repr": "Khaled Mushahed", "action_flag": 3, "change_message": ""}}, {"model": "admin.logentry", "pk": 105, "fields": {"action_time": "2024-06-24T06:49:42.975Z", "user": 1, "content_type": 15, "object_id": "2", "object_repr": "2024062434", "action_flag": 3, "change_message": ""}}, {"model": "admin.logentry", "pk": 106, "fields": {"action_time": "2024-06-24T07:05:45.864Z", "user": 1, "content_type": 14, "object_id": "36", "object_repr": "Khaled Mushahed", "action_flag": 3, "change_message": ""}}, {"model": "admin.logentry", "pk": 107, "fields": {"action_time": "2024-06-24T07:05:45.962Z", "user": 1, "content_type": 14, "object_id": "35", "object_repr": "cnvbnvbn", "action_flag": 3, "change_message": ""}}, {"model": "admin.logentry", "pk": 108, "fields": {"action_time": "2024-06-24T07:05:51.727Z", "user": 1, "content_type": 15, "object_id": "4", "object_repr": "2024062436", "action_flag": 3, "change_message": ""}}, {"model": "admin.logentry", "pk": 109, "fields": {"action_time": "2024-06-24T07:05:51.812Z", "user": 1, "content_type": 15, "object_id": "3", "object_repr": "2024062435", "action_flag": 3, "change_message": ""}}, {"model": "admin.logentry", "pk": 110, "fields": {"action_time": "2024-06-24T07:11:11.170Z", "user": 1, "content_type": 13, "object_id": "9", "object_repr": "Red Vans", "action_flag": 3, "change_message": ""}}, {"model": "admin.logentry", "pk": 111, "fields": {"action_time": "2024-06-24T07:11:11.278Z", "user": 1, "content_type": 13, "object_id": "8", "object_repr": "Black T shirt", "action_flag": 3, "change_message": ""}}, {"model": "admin.logentry", "pk": 112, "fields": {"action_time": "2024-06-24T07:11:16.890Z", "user": 1, "content_type": 14, "object_id": "38", "object_repr": "Khaled Mushahed", "action_flag": 3, "change_message": ""}}, {"model": "admin.logentry", "pk": 113, "fields": {"action_time": "2024-06-24T07:11:17.000Z", "user": 1, "content_type": 14, "object_id": "37", "object_repr": "Khaled Mushahed", "action_flag": 3, "change_message": ""}}, {"model": "admin.logentry", "pk": 114, "fields": {"action_time": "2024-06-24T07:11:22.125Z", "user": 1, "content_type": 15, "object_id": "6", "object_repr": "2024062438", "action_flag": 3, "change_message": ""}}, {"model": "admin.logentry", "pk": 115, "fields": {"action_time": "2024-06-24T07:11:22.234Z", "user": 1, "content_type": 15, "object_id": "5", "object_repr": "2024062437", "action_flag": 3, "change_message": ""}}, {"model": "admin.logentry", "pk": 116, "fields": {"action_time": "2024-06-24T07:19:42.371Z", "user": 1, "content_type": 14, "object_id": "39", "object_repr": "Khaled Mushahed", "action_flag": 3, "change_message": ""}}, {"model": "admin.logentry", "pk": 117, "fields": {"action_time": "2024-06-24T07:19:49.010Z", "user": 1, "content_type": 15, "object_id": "7", "object_repr": "2024062439", "action_flag": 3, "change_message": ""}}, {"model": "admin.logentry", "pk": 118, "fields": {"action_time": "2024-06-24T07:33:47.511Z", "user": 1, "content_type": 11, "object_id": "25", "object_repr": "CartItem object (25)", "action_flag": 3, "change_message": ""}}, {"model": "admin.logentry", "pk": 119, "fields": {"action_time": "2024-06-24T07:33:47.623Z", "user": 1, "content_type": 11, "object_id": "19", "object_repr": "CartItem object (19)", "action_flag": 3, "change_message": ""}}, {"model": "admin.logentry", "pk": 120, "fields": {"action_time": "2024-06-24T07:33:47.705Z", "user": 1, "content_type": 11, "object_id": "18", "object_repr": "CartItem object (18)", "action_flag": 3, "change_message": ""}}, {"model": "admin.logentry", "pk": 121, "fields": {"action_time": "2024-06-24T07:33:52.227Z", "user": 1, "content_type": 15, "object_id": "8", "object_repr": "df61bdf2-96c1-4004-b1be-3e9ebb6b2b3c", "action_flag": 3, "change_message": ""}}, {"model": "admin.logentry", "pk": 122, "fields": {"action_time": "2024-06-24T07:35:03.639Z", "user": 1, "content_type": 14, "object_id": "41", "object_repr": "Khaled Mushahed", "action_flag": 3, "change_message": ""}}, {"model": "admin.logentry", "pk": 123, "fields": {"action_time": "2024-06-24T07:35:03.719Z", "user": 1, "content_type": 14, "object_id": "40", "object_repr": "Khaled Mushahed", "action_flag": 3, "change_message": ""}}, {"model": "admin.logentry", "pk": 124, "fields": {"action_time": "2024-06-24T07:42:33.741Z", "user": 1, "content_type": 14, "object_id": "42", "object_repr": "Khaled Mushahed", "action_flag": 3, "change_message": ""}}, {"model": "admin.logentry", "pk": 125, "fields": {"action_time": "2024-06-24T07:42:38.257Z", "user": 1, "content_type": 15, "object_id": "9", "object_repr": "2ec8f826-bb60-4d90-85fe-565b020d703e", "action_flag": 3, "change_message": ""}}, {"model": "admin.logentry", "pk": 126, "fields": {"action_time": "2024-06-24T07:48:37.279Z", "user": 1, "content_type": 14, "object_id": "43", "object_repr": "Khaled Mushahed", "action_flag": 3, "change_message": ""}}, {"model": "admin.logentry", "pk": 127, "fields": {"action_time": "2024-06-24T07:48:41.076Z", "user": 1, "content_type": 15, "object_id": "10", "object_repr": "08ab1049-bac2-4e04-8955-7d1cbc145e5a", "action_flag": 3, "change_message": ""}}, {"model": "admin.logentry", "pk": 128, "fields": {"action_time": "2024-06-24T07:52:20.832Z", "user": 1, "content_type": 14, "object_id": "44", "object_repr": "werert", "action_flag": 3, "change_message": ""}}, {"model": "admin.logentry", "pk": 129, "fields": {"action_time": "2024-06-24T07:52:25.526Z", "user": 1, "content_type": 15, "object_id": "11", "object_repr": "e92b0daa-2ecf-433c-9da8-5b64886e9c88", "action_flag": 3, "change_message": ""}}, {"model": "admin.logentry", "pk": 130, "fields": {"action_time": "2024-06-24T08:09:07.258Z", "user": 1, "content_type": 14, "object_id": "47", "object_repr": "gyhghjg", "action_flag": 3, "change_message": ""}}, {"model": "admin.logentry", "pk": 131, "fields": {"action_time": "2024-06-24T08:09:07.335Z", "user": 1, "content_type": 14, "object_id": "46", "object_repr": "dfbcbc", "action_flag": 3, "change_message": ""}}, {"model": "admin.logentry", "pk": 132, "fields": {"action_time": "2024-06-24T08:09:07.449Z", "user": 1, "content_type": 14, "object_id": "45", "object_repr": "erggdfg", "action_flag": 3, "change_message": ""}}, {"model": "admin.logentry", "pk": 133, "fields": {"action_time": "2024-06-24T08:09:11.756Z", "user": 1, "content_type": 15, "object_id": "14", "object_repr": "9bd68595-6203-4101-bd4e-ae79cae0f604", "action_flag": 3, "change_message": ""}}, {"model": "admin.logentry", "pk": 134, "fields": {"action_time": "2024-06-24T08:09:11.891Z", "user": 1, "content_type": 15, "object_id": "13", "object_repr": "463dc123-3024-423a-9b32-0f4732425774", "action_flag": 3, "change_message": ""}}, {"model": "admin.logentry", "pk": 135, "fields": {"action_time": "2024-06-24T08:09:11.968Z", "user": 1, "content_type": 15, "object_id": "12", "object_repr": "a8a5144b-be4c-47ae-8c61-81284d9b3742", "action_flag": 3, "change_message": ""}}, {"model": "admin.logentry", "pk": 136, "fields": {"action_time": "2024-06-24T08:10:16.641Z", "user": 1, "content_type": 14, "object_id": "48", "object_repr": "edrftyert", "action_flag": 3, "change_message": ""}}, {"model": "admin.logentry", "pk": 137, "fields": {"action_time": "2024-06-24T08:10:20.654Z", "user": 1, "content_type": 15, "object_id": "15", "object_repr": "71554c60-bd57-456a-99a6-1f44dcc69512", "action_flag": 3, "change_message": ""}}, {"model": "admin.logentry", "pk": 138, "fields": {"action_time": "2024-06-24T08:15:06.832Z", "user": 1, "content_type": 14, "object_id": "49", "object_repr": "sdtgsdfg", "action_flag": 3, "change_message": ""}}, {"model": "admin.logentry", "pk": 139, "fields": {"action_time": "2024-06-24T08:16:10.496Z", "user": 1, "content_type": 14, "object_id": "50", "object_repr": "fghfh", "action_flag": 3, "change_message": ""}}, {"model": "admin.logentry", "pk": 140, "fields": {"action_time": "2024-06-24T08:16:15.447Z", "user": 1, "content_type": 15, "object_id": "16", "object_repr": "557b3709-b662-4c87-ba10-ba7bde954b11", "action_flag": 3, "change_message": ""}}, {"model": "admin.logentry", "pk": 141, "fields": {"action_time": "2024-06-24T08:22:28.193Z", "user": 1, "content_type": 14, "object_id": "52", "object_repr": "sdfsdf", "action_flag": 3, "change_message": ""}}, {"model": "admin.logentry", "pk": 142, "fields": {"action_time": "2024-06-24T08:22:28.278Z", "user": 1, "content_type": 14, "object_id": "51", "object_repr": "dfghdfg", "action_flag": 3, "change_message": ""}}, {"model": "admin.logentry", "pk": 143, "fields": {"action_time": "2024-06-24T08:28:45.847Z", "user": 1, "content_type": 14, "object_id": "54", "object_repr": "pop", "action_flag": 3, "change_message": ""}}, {"model": "admin.logentry", "pk": 144, "fields": {"action_time": "2024-06-24T08:28:45.929Z", "user": 1, "content_type": 14, "object_id": "53", "object_repr": "rfgedfg", "action_flag": 3, "change_message": ""}}, {"model": "admin.logentry", "pk": 145, "fields": {"action_time": "2024-06-24T08:28:51.530Z", "user": 1, "content_type": 15, "object_id": "17", "object_repr": "95811580-bd17-46b7-babd-2175e2b53294", "action_flag": 3, "change_message": ""}}, {"model": "admin.logentry", "pk": 146, "fields": {"action_time": "2024-06-24T08:30:12.633Z", "user": 1, "content_type": 14, "object_id": "55", "object_repr": "pop", "action_flag": 3, "change_message": ""}}, {"model": "admin.logentry", "pk": 147, "fields": {"action_time": "2024-06-24T08:31:59.308Z", "user": 1, "content_type": 14, "object_id": "56", "object_repr": "pop", "action_flag": 3, "change_message": ""}}, {"model": "admin.logentry", "pk": 148, "fields": {"action_time": "2024-06-24T08:32:43.844Z", "user": 1, "content_type": 14, "object_id": "57", "object_repr": "pop", "action_flag": 3, "change_message": ""}}, {"model": "admin.logentry", "pk": 149, "fields": {"action_time": "2024-06-24T08:59:37.763Z", "user": 1, "content_type": 14, "object_id": "58", "object_repr": "pop", "action_flag": 3, "change_message": ""}}, {"model": "admin.logentry", "pk": 150, "fields": {"action_time": "2024-06-24T09:04:52.951Z", "user": 1, "content_type": 14, "object_id": "59", "object_repr": "pop", "action_flag": 3, "change_message": ""}}, {"model": "admin.logentry", "pk": 151, "fields": {"action_time": "2024-06-24T09:06:33.703Z", "user": 1, "content_type": 14, "object_id": "60", "object_repr": "ghjghj", "action_flag": 3, "change_message": ""}}, {"model": "admin.logentry", "pk": 152, "fields": {"action_time": "2024-06-24T09:10:53.692Z", "user": 1, "content_type": 14, "object_id": "61", "object_repr": "ghjghj", "action_flag": 3, "change_message": ""}}, {"model": "admin.logentry", "pk": 153, "fields": {"action_time": "2024-06-28T15:01:28.006Z", "user": 1, "content_type": 9, "object_id": "1", "object_repr": "sdfsdf", "action_flag": 3, "change_message": ""}}, {"model": "admin.logentry", "pk": 154, "fields": {"action_time": "2024-06-29T06:41:30.174Z", "user": 1, "content_type": 7, "object_id": "1", "object_repr": "khaled@gmail.com", "action_flag": 2, "change_message": "[{\"changed\": {\"fields\": [\"Phone number\"]}}]"}}, {"model": "admin.logentry", "pk": 155, "fields": {"action_time": "2024-06-29T07:27:33.064Z", "user": 1, "content_type": 16, "object_id": "1", "object_repr": "bryan", "action_flag": 1, "change_message": "[{\"added\": {}}]"}}, {"model": "admin.logentry", "pk": 156, "fields": {"action_time": "2024-06-29T07:29:02.006Z", "user": 1, "content_type": 16, "object_id": "1", "object_repr": "bryan", "action_flag": 3, "change_message": ""}}, {"model": "admin.logentry", "pk": 157, "fields": {"action_time": "2024-06-29T07:29:13.008Z", "user": 1, "content_type": 16, "object_id": "2", "object_repr": "bryan", "action_flag": 1, "change_message": "[{\"added\": {}}]"}}, {"model": "admin.logentry", "pk": 158, "fields": {"action_time": "2024-06-29T08:25:57.112Z", "user": 1, "content_type": 16, "object_id": "2", "object_repr": "bryan", "action_flag": 2, "change_message": "[{\"changed\": {\"fields\": [\"Profile picture\"]}}]"}}, {"model": "admin.logentry", "pk": 159, "fields": {"action_time": "2024-06-29T08:25:57.298Z", "user": 1, "content_type": 16, "object_id": "2", "object_repr": "bryan", "action_flag": 2, "change_message": "[{\"changed\": {\"fields\": [\"Profile picture\"]}}]"}}, {"model": "admin.logentry", "pk": 160, "fields": {"action_time": "2024-06-29T08:37:21.325Z", "user": 1, "content_type": 16, "object_id": "2", "object_repr": "bryan", "action_flag": 2, "change_message": "[{\"changed\": {\"fields\": [\"Profile picture\"]}}]"}}, {"model": "admin.logentry", "pk": 161, "fields": {"action_time": "2024-06-29T10:48:16.375Z", "user": 1, "content_type": 8, "object_id": "1", "object_repr": "Red Stripe Shirt", "action_flag": 2, "change_message": "[{\"added\": {\"name\": \"productgallery\", \"object\": \"Red Stripe Shirt\"}}]"}}, {"model": "admin.logentry", "pk": 162, "fields": {"action_time": "2024-06-29T10:48:31.507Z", "user": 1, "content_type": 8, "object_id": "1", "object_repr": "Red Stripe Shirt", "action_flag": 2, "change_message": "[{\"added\": {\"name\": \"productgallery\", \"object\": \"Red Stripe Shirt\"}}]"}}, {"model": "auth.permission", "pk": 1, "fields": {"name": "Can add log entry", "content_type": 1, "codename": "add_logentry"}}, {"model": "auth.permission", "pk": 2, "fields": {"name": "Can change log entry", "content_type": 1, "codename": "change_logentry"}}, {"model": "auth.permission", "pk": 3, "fields": {"name": "Can delete log entry", "content_type": 1, "codename": "delete_logentry"}}, {"model": "auth.permission", "pk": 4, "fields": {"name": "Can view log entry", "content_type": 1, "codename": "view_logentry"}}, {"model": "auth.permission", "pk": 5, "fields": {"name": "Can add permission", "content_type": 2, "codename": "add_permission"}}, {"model": "auth.permission", "pk": 6, "fields": {"name": "Can change permission", "content_type": 2, "codename": "change_permission"}}, {"model": "auth.permission", "pk": 7, "fields": {"name": "Can delete permission", "content_type": 2, "codename": "delete_permission"}}, {"model": "auth.permission", "pk": 8, "fields": {"name": "Can view permission", "content_type": 2, "codename": "view_permission"}}, {"model": "auth.permission", "pk": 9, "fields": {"name": "Can add group", "content_type": 3, "codename": "add_group"}}, {"model": "auth.permission", "pk": 10, "fields": {"name": "Can change group", "content_type": 3, "codename": "change_group"}}, {"model": "auth.permission", "pk": 11, "fields": {"name": "Can delete group", "content_type": 3, "codename": "delete_group"}}, {"model": "auth.permission", "pk": 12, "fields": {"name": "Can view group", "content_type": 3, "codename": "view_group"}}, {"model": "auth.permission", "pk": 13, "fields": {"name": "Can add content type", "content_type": 4, "codename": "add_contenttype"}}, {"model": "auth.permission", "pk": 14, "fields": {"name": "Can change content type", "content_type": 4, "codename": "change_contenttype"}}, {"model": "auth.permission", "pk": 15, "fields": {"name": "Can delete content type", "content_type": 4, "codename": "delete_contenttype"}}, {"model": "auth.permission", "pk": 16, "fields": {"name": "Can view content type", "content_type": 4, "codename": "view_contenttype"}}, {"model": "auth.permission", "pk": 17, "fields": {"name": "Can add session", "content_type": 5, "codename": "add_session"}}, {"model": "auth.permission", "pk": 18, "fields": {"name": "Can change session", "content_type": 5, "codename": "change_session"}}, {"model": "auth.permission", "pk": 19, "fields": {"name": "Can delete session", "content_type": 5, "codename": "delete_session"}}, {"model": "auth.permission", "pk": 20, "fields": {"name": "Can view session", "content_type": 5, "codename": "view_session"}}, {"model": "auth.permission", "pk": 21, "fields": {"name": "Can add category", "content_type": 6, "codename": "add_category"}}, {"model": "auth.permission", "pk": 22, "fields": {"name": "Can change category", "content_type": 6, "codename": "change_category"}}, {"model": "auth.permission", "pk": 23, "fields": {"name": "Can delete category", "content_type": 6, "codename": "delete_category"}}, {"model": "auth.permission", "pk": 24, "fields": {"name": "Can view category", "content_type": 6, "codename": "view_category"}}, {"model": "auth.permission", "pk": 25, "fields": {"name": "Can add account", "content_type": 7, "codename": "add_account"}}, {"model": "auth.permission", "pk": 26, "fields": {"name": "Can change account", "content_type": 7, "codename": "change_account"}}, {"model": "auth.permission", "pk": 27, "fields": {"name": "Can delete account", "content_type": 7, "codename": "delete_account"}}, {"model": "auth.permission", "pk": 28, "fields": {"name": "Can view account", "content_type": 7, "codename": "view_account"}}, {"model": "auth.permission", "pk": 29, "fields": {"name": "Can add product", "content_type": 8, "codename": "add_product"}}, {"model": "auth.permission", "pk": 30, "fields": {"name": "Can change product", "content_type": 8, "codename": "change_product"}}, {"model": "auth.permission", "pk": 31, "fields": {"name": "Can delete product", "content_type": 8, "codename": "delete_product"}}, {"model": "auth.permission", "pk": 32, "fields": {"name": "Can view product", "content_type": 8, "codename": "view_product"}}, {"model": "auth.permission", "pk": 33, "fields": {"name": "Can add review rating", "content_type": 9, "codename": "add_reviewrating"}}, {"model": "auth.permission", "pk": 34, "fields": {"name": "Can change review rating", "content_type": 9, "codename": "change_reviewrating"}}, {"model": "auth.permission", "pk": 35, "fields": {"name": "Can delete review rating", "content_type": 9, "codename": "delete_reviewrating"}}, {"model": "auth.permission", "pk": 36, "fields": {"name": "Can view review rating", "content_type": 9, "codename": "view_reviewrating"}}, {"model": "auth.permission", "pk": 37, "fields": {"name": "Can add variation", "content_type": 10, "codename": "add_variation"}}, {"model": "auth.permission", "pk": 38, "fields": {"name": "Can change variation", "content_type": 10, "codename": "change_variation"}}, {"model": "auth.permission", "pk": 39, "fields": {"name": "Can delete variation", "content_type": 10, "codename": "delete_variation"}}, {"model": "auth.permission", "pk": 40, "fields": {"name": "Can view variation", "content_type": 10, "codename": "view_variation"}}, {"model": "auth.permission", "pk": 41, "fields": {"name": "Can add cart item", "content_type": 11, "codename": "add_cartitem"}}, {"model": "auth.permission", "pk": 42, "fields": {"name": "Can change cart item", "content_type": 11, "codename": "change_cartitem"}}, {"model": "auth.permission", "pk": 43, "fields": {"name": "Can delete cart item", "content_type": 11, "codename": "delete_cartitem"}}, {"model": "auth.permission", "pk": 44, "fields": {"name": "Can view cart item", "content_type": 11, "codename": "view_cartitem"}}, {"model": "auth.permission", "pk": 45, "fields": {"name": "Can add cart", "content_type": 12, "codename": "add_cart"}}, {"model": "auth.permission", "pk": 46, "fields": {"name": "Can change cart", "content_type": 12, "codename": "change_cart"}}, {"model": "auth.permission", "pk": 47, "fields": {"name": "Can delete cart", "content_type": 12, "codename": "delete_cart"}}, {"model": "auth.permission", "pk": 48, "fields": {"name": "Can view cart", "content_type": 12, "codename": "view_cart"}}, {"model": "auth.permission", "pk": 49, "fields": {"name": "Can add order product", "content_type": 13, "codename": "add_orderproduct"}}, {"model": "auth.permission", "pk": 50, "fields": {"name": "Can change order product", "content_type": 13, "codename": "change_orderproduct"}}, {"model": "auth.permission", "pk": 51, "fields": {"name": "Can delete order product", "content_type": 13, "codename": "delete_orderproduct"}}, {"model": "auth.permission", "pk": 52, "fields": {"name": "Can view order product", "content_type": 13, "codename": "view_orderproduct"}}, {"model": "auth.permission", "pk": 53, "fields": {"name": "Can add order", "content_type": 14, "codename": "add_order"}}, {"model": "auth.permission", "pk": 54, "fields": {"name": "Can change order", "content_type": 14, "codename": "change_order"}}, {"model": "auth.permission", "pk": 55, "fields": {"name": "Can delete order", "content_type": 14, "codename": "delete_order"}}, {"model": "auth.permission", "pk": 56, "fields": {"name": "Can view order", "content_type": 14, "codename": "view_order"}}, {"model": "auth.permission", "pk": 57, "fields": {"name": "Can add payment", "content_type": 15, "codename": "add_payment"}}, {"model": "auth.permission", "pk": 58, "fields": {"name": "Can change payment", "content_type": 15, "codename": "change_payment"}}, {"model": "auth.permission", "pk": 59, "fields": {"name": "Can delete payment", "content_type": 15, "codename": "delete_payment"}}, {"model": "auth.permission", "pk": 60, "fields": {"name": "Can view payment", "content_type": 15, "codename": "view_payment"}}, {"model": "auth.permission", "pk": 61, "fields": {"name": "Can add user profile", "content_type": 16, "codename": "add_userprofile"}}, {"model": "auth.permission", "pk": 62, "fields": {"name": "Can change user profile", "content_type": 16, "codename": "change_userprofile"}}, {"model": "auth.permission", "pk": 63, "fields": {"name": "Can delete user profile", "content_type": 16, "codename": "delete_userprofile"}}, {"model": "auth.permission", "pk": 64, "fields": {"name": "Can view user profile", "content_type": 16, "codename": "view_userprofile"}}, {"model": "auth.permission", "pk": 65, "fields": {"name": "Can add product gallery", "content_type": 17, "codename": "add_productgallery"}}, {"model": "auth.permission", "pk": 66, "fields": {"name": "Can change product gallery", "content_type": 17, "codename": "change_productgallery"}}, {"model": "auth.permission", "pk": 67, "fields": {"name": "Can delete product gallery", "content_type": 17, "codename": "delete_productgallery"}}, {"model": "auth.permission", "pk": 68, "fields": {"name": "Can view product gallery", "content_type": 17, "codename": "view_productgallery"}}, {"model": "auth.permission", "pk": 69, "fields": {"name": "Can add login attempt", "content_type": 18, "codename": "add_loginattempt"}}, {"model": "auth.permission", "pk": 70, "fields": {"name": "Can change login attempt", "content_type": 18, "codename": "change_loginattempt"}}, {"model": "auth.permission", "pk": 71, "fields": {"name": "Can delete login attempt", "content_type": 18, "codename": "delete_loginattempt"}}, {"model": "auth.permission", "pk": 72, "fields": {"name": "Can view login attempt", "content_type": 18, "codename": "view_loginattempt"}}, {"model": "contenttypes.contenttype", "pk": 1, "fields": {"app_label": "admin", "model": "logentry"}}, {"model": "contenttypes.contenttype", "pk": 2, "fields": {"app_label": "auth", "model": "permission"}}, {"model": "contenttypes.contenttype", "pk": 3, "fields": {"app_label": "auth", "model": "group"}}, {"model": "contenttypes.contenttype", "pk": 4, "fields": {"app_label": "contenttypes", "model": "contenttype"}}, {"model": "contenttypes.contenttype", "pk": 5, "fields": {"app_label": "sessions", "model": "session"}}, {"model": "contenttypes.contenttype", "pk": 6, "fields": {"app_label": "category", "model": "category"}}, {"model": "contenttypes.contenttype", "pk": 7, "fields": {"app_label": "accounts", "model": "account"}}, {"model": "contenttypes.contenttype", "pk": 8, "fields": {"app_label": "store", "model": "product"}}, {"model": "contenttypes.contenttype", "pk": 9, "fields": {"app_label": "store", "model": "reviewrating"}}, {"model": "contenttypes.contenttype", "pk": 10, "fields": {"app_label": "store", "model": "variation"}}, {"model": "contenttypes.contenttype", "pk": 11, "fields": {"app_label": "carts", "model": "cartitem"}}, {"model": "contenttypes.contenttype", "pk": 12, "fields": {"app_label": "carts", "model": "cart"}}, {"model": "contenttypes.contenttype", "pk": 13, "fields": {"app_label": "orders", "model": "orderproduct"}}, {"model": "contenttypes.contenttype", "pk": 14, "fields": {"app_label": "orders", "model": "order"}}, {"model": "contenttypes.contenttype", "pk": 15, "fields": {"app_label": "orders", "model": "payment"}}, {"model": "contenttypes.contenttype", "pk": 16, "fields": {"app_label": "accounts", "model": "userprofile"}}, {"model": "contenttypes.contenttype", "pk": 17, "fields": {"app_label": "store", "model": "productgallery"}}, {"model": "contenttypes.contenttype", "pk": 18, "fields": {"app_label": "admin_honeypot", "model": "loginattempt"}}, {"model": "sessions.session", "pk": "by84n3bj2g7ixg83xdn1b6qus8sdbnke", "fields": {"session_data": ".eJxVjMsOwiAUBf-FtSECLVxcuu83kPugUjU0Ke3K-O_apAvdnpk5L5VwW0vaWl7SJOqijDr9boT8yHUHcsd6mzXPdV0m0ruiD9r0MEt-Xg_376BgK98aJAQ7dmKzs5Z9wAgjxv7cZwJA8Ege2QSDFK1xWbzzAMDcsTMGLan3B-HJN9Y:1sLdWg:4n-aMWSM4hJO4-lGGQ5cg7BnMxq9HPH6mJrlP2i-ABM", "expire_date": "2024-07-08T06:50:06.124Z"}}, {"model": "sessions.session", "pk": "dfqkf7m814vfppljetuqdm7focphxt58", "fields": {"session_data": ".eJxVjMsOwiAUBf-FtSECLVxcuu83kPugUjU0Ke3K-O_apAvdnpk5L5VwW0vaWl7SJOqijDr9boT8yHUHcsd6mzXPdV0m0ruiD9r0MEt-Xg_376BgK98aJAQ7dmKzs5Z9wAgjxv7cZwJA8Ege2QSDFK1xWbzzAMDcsTMGLan3B-HJN9Y:1sLeqr:7xFQj9q3hRVkDzDwBWj07kyRopfVXgIq9eX5aLXwxDA", "expire_date": "2024-07-08T08:15:01.190Z"}}, {"model": "sessions.session", "pk": "gixpyt2np59c8kyi958zywdhhjmmfxy6", "fields": {"session_data": ".eJxVjEEOwiAQRe_C2hCoMAMu3fcMhGFAqoYmpV0Z765NutDtf-_9lwhxW2vYel7CxOIitDj9bhTTI7cd8D222yzT3NZlIrkr8qBdjjPn5_Vw_w5q7PVbO0wROUUzQPLaO1YF2BAgKm-ZzqhdBjRsqXjyVAbrCloNAJas8km8P-R4N50:1sNXFw:Os-rZWsVUdVTY0P8rl9YRaG1HGw_MxEhmQosyoWaPm8", "expire_date": "2024-07-13T12:32:40.541Z"}}, {"model": "sessions.session", "pk": "os7ggcvtnne8g61ywnw157hj7sxk11qx", "fields": {"session_data": ".eJxVjMsOwiAUBf-FtSECLVxcuu83kPugUjU0Ke3K-O_apAvdnpk5L5VwW0vaWl7SJOqijDr9boT8yHUHcsd6mzXPdV0m0ruiD9r0MEt-Xg_376BgK98aJAQ7dmKzs5Z9wAgjxv7cZwJA8Ege2QSDFK1xWbzzAMDcsTMGLan3B-HJN9Y:1sHnnP:vybtXC5XlHe9EbBY7TbVzfRmrGUSsk1WGeDaXg3PuoY", "expire_date": "2024-06-27T16:59:31.887Z"}}, {"model": "sessions.session", "pk": "ovkj32kbe5obv0lomy1oiwlms3xwixiu", "fields": {"session_data": ".eJxVjMsOwiAUBf-FtSECLVxcuu83kPugUjU0Ke3K-O_apAvdnpk5L5VwW0vaWl7SJOqijDr9boT8yHUHcsd6mzXPdV0m0ruiD9r0MEt-Xg_376BgK98aJAQ7dmKzs5Z9wAgjxv7cZwJA8Ege2QSDFK1xWbzzAMDcsTMGLan3B-HJN9Y:1sLetq:YBgQ0Dh9tcN-h53ETxBOMUq25p4YSPchAIrJrPv0dDU", "expire_date": "2024-07-08T08:18:06.092Z"}}, {"model": "category.category", "pk": 1, "fields": {"category_name": "T-shirts", "slug": "tshirt", "description": "Multicolor Tshirts", "cat_image": "photos/categories/tshirts.png"}}, {"model": "category.category", "pk": 2, "fields": {"category_name": "Shirts", "slug": "shirts", "description": "many shirts", "cat_image": "photos/categories/aviv-rachmadian-7F7kEHj72MQ-unsplash-scaled.webp"}}, {"model": "category.category", "pk": 3, "fields": {"category_name": "Shoes", "slug": "shoes", "description": "all kinds of shoes", "cat_image": ""}}, {"model": "category.category", "pk": 4, "fields": {"category_name": "Pants", "slug": "pants", "description": "different pants", "cat_image": "photos/categories/73340_ef113cb52fbcb15de0041de8399a2914_large.jpg"}}, {"model": "category.category", "pk": 5, "fields": {"category_name": "Jackets", "slug": "jackets", "description": "many types of jackets", "cat_image": "photos/categories/jackets.png"}}, {"model": "category.category", "pk": 6, "fields": {"category_name": "Hats", "slug": "hats", "description": "Variety of Hats", "cat_image": "photos/categories/hat.jpg"}}, {"model": "accounts.account", "pk": 1, "fields": {"password": "pbkdf2_sha256$720000$0irIc5HeUvZ0oIBsU1vALs$GgSoEFBgkytpQ3iueu0wccTvsfnp0v0PXtQKPoMUtyg=", "first_name": "bryan", "last_name": "adams", "username": "bryan", "email": "khaled@gmail.com", "phone_number": "+123456", "date_joined": "2024-06-13T16:59:03.941Z", "last_login": "2024-06-29T12:32:40.457Z", "is_admin": true, "is_staff": true, "is_active": true, "is_superadmin": true}}, {"model": "accounts.account", "pk": 8, "fields": {"password": "pbkdf2_sha256$720000$KRTXRbfH33u3vGRK9YHO3v$ABFQfPmH5NuvZc9MuE6O8kAxV1p4OMxsXFakblcHS54=", "first_name": "ahmar", "last_name": "islam", "username": "ahmar", "email": "ahmar@gmail.com", "phone_number": "45345354", "date_joined": "2024-06-21T15:19:06.936Z", "last_login": "2024-06-21T15:30:44.680Z", "is_admin": false, "is_staff": false, "is_active": true, "is_superadmin": false}}, {"model": "accounts.account", "pk": 16, "fields": {"password": "pbkdf2_sha256$720000$BNK79ykXf1s0D4eX2E1fH1$vuWF5GcDDfvXeX5xbp1bs2SHZA4JhlfjBLth7wnwkMI=", "first_name": "Khaled Mushahed", "last_name": "Hossain", "username": "khaledmushahed", "email": "khaledmushahed@gmail.com", "phone_number": "01916824759", "date_joined": "2024-06-21T17:02:48.746Z", "last_login": "2024-06-29T08:28:15.554Z", "is_admin": false, "is_staff": false, "is_active": true, "is_superadmin": false}}, {"model": "accounts.userprofile", "pk": 2, "fields": {"user": 1, "address_line_1": "Woking Street", "address_line_2": "", "profile_picture": "userprofile/man-2.png", "city": "Cansas", "state": "California", "country": "USA"}}, {"model": "store.product", "pk": 1, "fields": {"product_name": "Red Stripe Shirt", "slug": "red-stripe-shirt", "description": "Lorem ipsum dolor sit amet, consectetur adipiscing elit, sed do eiusmod tempor incididunt ut labore et dolore magna aliqua. Ut enim ad minim veniam, quis nostrud exercitation ullamco laboris nisi ut aliquip ex ea commodo consequat. Duis aute irure dolor in reprehenderit in voluptate velit esse cillum dolore eu fugiat nulla pariatur. Excepteur sint occaecat cupidatat non proident, sunt in culpa qui officia deserunt mollit anim id est laborum.\"", "price": 20, "images": "photos/products/red_stripe_shirt.jpg", "stock": -1, "is_available": true, "category": 2, "created_date": "2024-06-14T04:50:25.998Z", "modified_date": "2024-06-29T10:48:31.507Z"}}, {"model": "store.product", "pk": 2, "fields": {"product_name": "Nike Air Force", "slug": "nike-air-force", "description": "Lorem ipsum dolor sit amet, consectetur adipiscing elit, sed do eiusmod tempor incididunt ut labore et dolore magna aliqua. Ut enim ad minim veniam, quis nostrud exercitation ullamco laboris nisi ut aliquip ex ea commodo consequat. Duis aute irure dolor in reprehenderit in voluptate velit esse cillum dolore eu fugiat nulla pariatur. Excepteur sint occaecat cupidatat non proident, sunt in culpa qui officia deserunt mollit anim id est laborum.\"", "price": 50, "images": "photos/products/Off-White-x-Nike-Air-Force-270-x-Air-Jordan-1-High-OG-White-Black-Varsity-Red.jpg", "stock": 2, "is_available": true, "category": 3, "created_date": "2024-06-14T04:50:59.263Z", "modified_date": "2024-06-14T04:50:59.263Z"}}, {"model": "store.product", "pk": 3, "fields": {"product_name": "Black T shirt", "slug": "black-t-shirt", "description": "Lorem ipsum dolor sit amet, consectetur adipiscing elit, sed do eiusmod tempor incididunt ut labore et dolore magna aliqua. Ut enim ad minim veniam, quis nostrud exercitation ullamco laboris nisi ut aliquip ex ea commodo consequat. Duis aute irure dolor in reprehenderit in voluptate velit esse cillum dolore eu fugiat nulla pariatur. Excepteur sint occaecat cupidatat non proident, sunt in culpa qui officia deserunt mollit anim id est laborum.\"", "price": 5, "images": "photos/products/pima-cotton-t-shirt-500x500.jpg", "stock": 16, "is_available": true, "category": 1, "created_date": "2024-06-14T04:51:30.046Z", "modified_date": "2024-06-28T14:28:43.243Z"}}, {"model": "store.product", "pk": 4, "fields": {"product_name": "Blue T shirt", "slug": "blue-t-shirt", "description": "Lorem ipsum dolor sit amet, consectetur adipiscing elit, sed do eiusmod tempor incididunt ut labore et dolore magna aliqua. Ut enim ad minim veniam, quis nostrud exercitation ullamco laboris nisi ut aliquip ex ea commodo consequat. Duis aute irure dolor in reprehenderit in voluptate velit esse cillum dolore eu fugiat nulla pariatur. Excepteur sint occaecat cupidatat non proident, sunt in culpa qui officia deserunt mollit anim id est laborum.\"", "price": 5, "images": "photos/products/navy-blue-model-1.jpg", "stock": 23, "is_available": true, "category": 1, "created_date": "2024-06-14T04:51:55.529Z", "modified_date": "2024-06-29T09:37:03.743Z"}}, {"model": "store.product", "pk": 5, "fields": {"product_name": "Red Vans", "slug": "red-vans", "description": "Lorem ipsum dolor sit amet, consectetur adipiscing elit, sed do eiusmod tempor incididunt ut labore et dolore magna aliqua. Ut enim ad minim veniam, quis nostrud exercitation ullamco laboris nisi ut aliquip ex ea commodo consequat. Duis aute irure dolor in reprehenderit in voluptate velit esse cillum dolore eu fugiat nulla pariatur. Excepteur sint occaecat cupidatat non proident, sunt in culpa qui officia deserunt mollit anim id est laborum.\"", "price": 10, "images": "photos/products/1_569874_ZM_ALT1B.jpg", "stock": 0, "is_available": true, "category": 3, "created_date": "2024-06-14T04:52:45.127Z", "modified_date": "2024-06-24T07:43:35.636Z"}}, {"model": "store.product", "pk": 6, "fields": {"product_name": "Multi color Shirt", "slug": "multi-color-shirt", "description": "Lorem ipsum dolor sit amet, consectetur adipiscing elit, sed do eiusmod tempor incididunt ut labore et dolore magna aliqua. Ut enim ad minim veniam, quis nostrud exercitation ullamco laboris nisi ut aliquip ex ea commodo consequat. Duis aute irure dolor in reprehenderit in voluptate velit esse cillum dolore eu fugiat nulla pariatur. Excepteur sint occaecat cupidatat non proident, sunt in culpa qui officia deserunt mollit anim id est laborum.\"", "price": 10, "images": "photos/products/41Wt4WTaWzL.jpg", "stock": 7, "is_available": true, "category": 2, "created_date": "2024-06-14T04:53:30.087Z", "modified_date": "2024-06-14T04:53:30.087Z"}}, {"model": "store.product", "pk": 7, "fields": {"product_name": "Formal Shoe", "slug": "formal-shoe", "description": "Lorem ipsum dolor sit amet, consectetur adipiscing elit, sed do eiusmod tempor incididunt ut labore et dolore magna aliqua. Ut enim ad minim veniam, quis nostrud exercitation ullamco laboris nisi ut aliquip ex ea commodo consequat. Duis aute irure dolor in reprehenderit in voluptate velit esse cillum dolore eu fugiat nulla pariatur. Excepteur sint occaecat cupidatat non proident, sunt in culpa qui officia deserunt mollit anim id est laborum.\"", "price": 15, "images": "photos/products/istockphoto-187310279-612x612.jpg", "stock": 3, "is_available": true, "category": 3, "created_date": "2024-06-14T04:54:11.174Z", "modified_date": "2024-06-14T04:54:11.174Z"}}, {"model": "store.product", "pk": 8, "fields": {"product_name": "Black Leather Jacket", "slug": "black-leather-jacket", "description": "Lorem ipsum dolor sit amet, consectetur adipiscing elit, sed do eiusmod tempor incididunt ut labore et dolore magna aliqua. Ut enim ad minim veniam, quis nostrud exercitation ullamco laboris nisi ut aliquip ex ea commodo consequat. Duis aute irure dolor in reprehenderit in voluptate velit esse cillum dolore eu fugiat nulla pariatur. Excepteur sint occaecat cupidatat non proident, sunt in culpa qui officia deserunt mollit anim id est laborum.\"", "price": 17, "images": "photos/products/jackets.png", "stock": 5, "is_available": true, "category": 5, "created_date": "2024-06-14T04:54:48.706Z", "modified_date": "2024-06-14T04:54:48.706Z"}}, {"model": "store.product", "pk": 9, "fields": {"product_name": "Formal Pant", "slug": "formal-pant", "description": "Lorem ipsum dolor sit amet, consectetur adipiscing elit, sed do eiusmod tempor incididunt ut labore et dolore magna aliqua. Ut enim ad minim veniam, quis nostrud exercitation ullamco laboris nisi ut aliquip ex ea commodo consequat. Duis aute irure dolor in reprehenderit in voluptate velit esse cillum dolore eu fugiat nulla pariatur. Excepteur sint occaecat cupidatat non proident, sunt in culpa qui officia deserunt mollit anim id est laborum.\"", "price": 12, "images": "photos/products/73340_ef113cb52fbcb15de0041de8399a2914_large.jpg", "stock": 11, "is_available": true, "category": 4, "created_date": "2024-06-14T04:55:19.391Z", "modified_date": "2024-06-14T04:55:19.391Z"}}, {"model": "store.product", "pk": 10, "fields": {"product_name": "Straw Hat", "slug": "straw-hat", "description": "Luffys straw hat", "price": 1000, "images": "photos/products/Straw_Hat.jpg", "stock": 0, "is_available": true, "category": 6, "created_date": "2024-06-19T07:28:11.768Z", "modified_date": "2024-06-19T07:28:11.768Z"}}, {"model": "store.product", "pk": 11, "fields": {"product_name": "Red T shirt", "slug": "red-t-shirt", "description": "\"Lorem ipsum dolor sit amet, consectetur adipiscing elit, sed do eiusmod tempor incididunt ut labore et dolore magna aliqua. Ut enim ad minim veniam, quis nostrud exercitation ullamco laboris nisi ut aliquip ex ea commodo consequat. Duis aute irure dolor in reprehenderit in voluptate velit esse cillum dolore eu fugiat nulla pariatur. Excepteur sint occaecat cupidatat non proident, sunt in culpa qui officia deserunt mollit anim id est laborum.\"", "price": 5, "images": "photos/products/d372e801f6f04cd6e247450ddde767d1.jpg", "stock": 4, "is_available": true, "category": 1, "created_date": "2024-06-19T17:14:26.067Z", "modified_date": "2024-06-19T17:14:26.067Z"}}, {"model": "store.product", "pk": 12, "fields": {"product_name": "Solid color T shirts", "slug": "solid-color-t-shirts", "description": "\"Lorem ipsum dolor sit amet, consectetur adipiscing elit, sed do eiusmod tempor incididunt ut labore et dolore magna aliqua. Ut enim ad minim veniam, quis nostrud exercitation ullamco laboris nisi ut aliquip ex ea commodo consequat. Duis aute irure dolor in reprehenderit in voluptate velit esse cillum dolore eu fugiat nulla pariatur. Excepteur sint occaecat cupidatat non proident, sunt in culpa qui officia deserunt mollit anim id est laborum.\"", "price": 5, "images": "photos/products/tshirts.png", "stock": 4, "is_available": true, "category": 1, "created_date": "2024-06-19T17:16:39.679Z", "modified_date": "2024-06-23T07:38:49.350Z"}}, {"model": "store.variation", "pk": 4, "fields": {"product": 12, "variation_category": "color", "variation_value": "Black", "is_active": true, "created_date": "2024-06-19T17:17:34.518Z"}}, {"model": "store.variation", "pk": 5, "fields": {"product": 12, "variation_category": "color", "variation_value": "Blue", "is_active": true, "created_date": "2024-06-19T17:17:47.532Z"}}, {"model": "store.variation", "pk": 6, "fields": {"product": 12, "variation_category": "color", "variation_value": "Red", "is_active": true, "created_date": "2024-06-19T17:17:54.390Z"}}, {"model": "store.variation", "pk": 7, "fields": {"product": 12, "variation_category": "size", "variation_value": "L", "is_active": true, "created_date": "2024-06-20T08:07:26.694Z"}}, {"model": "store.variation", "pk": 8, "fields": {"product": 12, "variation_category": "size", "variation_value": "M", "is_active": true, "created_date": "2024-06-20T08:07:37.715Z"}}, {"model": "store.variation", "pk": 9, "fields": {"product": 12, "variation_category": "size", "variation_value": "XL", "is_active": true, "created_date": "2024-06-20T08:07:45.371Z"}}, {"model": "store.variation", "pk": 10, "fields": {"product": 12, "variation_category": "size", "variation_value": "S", "is_active": true, "created_date": "2024-06-20T08:07:52.833Z"}}, {"model": "store.variation", "pk": 11, "fields": {"product": 1, "variation_category": "color", "variation_value": "Red", "is_active": true, "created_date": "2024-06-23T16:30:51.148Z"}}, {"model": "store.variation", "pk": 12, "fields": {"product": 1, "variation_category": "size", "variation_value": "L", "is_active": true, "created_date": "2024-06-23T16:31:05.028Z"}}, {"model": "store.variation", "pk": 13, "fields": {"product": 1, "variation_category": "size", "variation_value": "M", "is_active": true, "created_date": "2024-06-23T16:31:12.717Z"}}, {"model": "store.variation", "pk": 14, "fields": {"product": 1, "variation_category": "size", "variation_value": "XL", "is_active": true, "created_date": "2024-06-23T16:31:21.680Z"}}, {"model": "store.variation", "pk": 15, "fields": {"product": 5, "variation_category": "color", "variation_value": "Red", "is_active": true, "created_date": "2024-06-23T16:31:38.232Z"}}, {"model": "store.variation", "pk": 16, "fields": {"product": 5, "variation_category": "size", "variation_value": "44", "is_active": true, "created_date": "2024-06-23T16:31:49.924Z"}}, {"model": "store.variation", "pk": 17, "fields": {"product": 3, "variation_category": "color", "variation_value": "Black", "is_active": true, "created_date": "2024-06-24T06:33:55.833Z"}}, {"model": "store.variation", "pk": 18, "fields": {"product": 3, "variation_category": "size", "variation_value": "XL", "is_active": true, "created_date": "2024-06-24T06:34:04.468Z"}}, {"model": "store.variation", "pk": 19, "fields": {"product": 3, "variation_category": "size", "variation_value": "L", "is_active": true, "created_date": "2024-06-24T06:34:11.698Z"}}, {"model": "store.variation", "pk": 20, "fields": {"product": 3, "variation_category": "size", "variation_value": "M", "is_active": true, "created_date": "2024-06-24T06:34:19.135Z"}}, {"model": "store.variation", "pk": 21, "fields": {"product": 4, "variation_category": "color", "variation_value": "Blue", "is_active": true, "created_date": "2024-06-24T06:34:26.924Z"}}, {"model": "store.variation", "pk": 22, "fields": {"product": 4, "variation_category": "size", "variation_value": "XL", "is_active": true, "created_date": "2024-06-24T06:34:34.411Z"}}, {"model": "store.variation", "pk": 23, "fields": {"product": 4, "variation_category": "size", "variation_value": "L", "is_active": true, "created_date": "2024-06-24T06:34:42.498Z"}}, {"model": "store.variation", "pk": 24, "fields": {"product": 4, "variation_category": "size", "variation_value": "M", "is_active": true, "created_date": "2024-06-24T06:34:50.613Z"}}, {"model": "store.reviewrating", "pk": 2, "fields": {"product": 3, "user": 1, "subject": "Review for the Black shirt", "review": "This shirt has a great fabric and does not fade away after washes. having this kind of shirt for this cheap is kinda nice. highly recommeded", "rating": 4.5, "ip": "127.0.0.1", "status": true, "created_at": "2024-06-28T15:03:45.157Z", "updated_at": "2024-06-28T15:03:45.157Z"}}, {"model": "store.productgallery", "pk": 1, "fields": {"product": 1, "image": "store/products/1_1.webp"}}, {"model": "store.productgallery", "pk": 2, "fields": {"product": 1, "image": "store/products/3.webp"}}, {"model": "carts.cart", "pk": 1, "fields": {"cart_id": "os7ggcvtnne8g61ywnw157hj7sxk11qx", "date_added": "2024-06-19"}}, {"model": "carts.cart", "pk": 2, "fields": {"cart_id": "lj3re2j76vs9ugt2xrmil8sfwe9sufk6", "date_added": "2024-06-20"}}, {"model": "carts.cart", "pk": 3, "fields": {"cart_id": "mkxfg49gunki44gibcjc4carn5qvgqum", "date_added": "2024-06-22"}}, {"model": "carts.cart", "pk": 4, "fields": {"cart_id": "1fp19z5qavagvngdi7gkbshec38iic77", "date_added": "2024-06-22"}}, {"model": "orders.payment", "pk": 18, "fields": {"user": 1, "payment_id": "0553138b-02fb-4706-b817-da9837d37156", "payment_method": "Bkash", "amount_paid": "5.1", "status": "VALID", "created_at": "2024-06-29T09:37:03.288Z"}}, {"model": "orders.order", "pk": 62, "fields": {"user": 1, "payment": null, "order_number": "2024062462", "first_name": "fghfg", "last_name": "fhfghg", "phone": "ghfgh", "email": "khaled@gmail.com", "address_line_1": "fghfg", "address_line_2": "hfgh", "country": "fghf", "state": "ghfgh", "city": "fghfg", "order_note": "fghfgh", "payment_method": "Cash on Delivery", "order_total": 5.1, "tax": 0.1, "status": "New", "ip": "127.0.0.1", "is_ordered": true, "created_at": "2024-06-24T09:11:10.550Z", "updated_at": "2024-06-24T09:11:11.840Z"}}, {"model": "orders.order", "pk": 63, "fields": {"user": 1, "payment": null, "order_number": "2024062863", "first_name": "fghjfh", "last_name": "fhfhfghf", "phone": "fhfg", "email": "khaled@gmail.com", "address_line_1": "fghfh", "address_line_2": "fhfg", "country": "hfghf", "state": "fghfgh", "city": "ffhfgh", "order_note": "dgdfgdf", "payment_method": "Cash on Delivery", "order_total": 5.1, "tax": 0.1, "status": "New", "ip": "127.0.0.1", "is_ordered": true, "created_at": "2024-06-28T14:21:51.482Z", "updated_at": "2024-06-28T14:22:33.860Z"}}, {"model": "orders.order", "pk": 64, "fields": {"user": 16, "payment": null, "order_number": "2024062864", "first_name": "bnmbvnm", "last_name": "bnmbnm", "phone": "bnmbnm", "email": "khaledmushahed@gmail.com", "address_line_1": "bnmbnm", "address_line_2": "bnmbn", "country": "bnmbn", "state": "nmbnm", "city": "mbm", "order_note": "bnmbnmbn", "payment_method": "Cash on Delivery", "order_total": 5.1, "tax": 0.1, "status": "New", "ip": "127.0.0.1", "is_ordered": true, "created_at": "2024-06-28T14:28:40.903Z", "updated_at": "2024-06-28T14:28:42.849Z"}}, {"model": "orders.order", "pk": 65, "fields": {"user": 16, "payment": null, "order_number": "2024062865", "first_name": "dhdfgh", "last_name": "dfghfgh", "phone": "fgh", "email": "khaledmushahed@gmail.com", "address_line_1": "fghfg", "address_line_2": "fghfgh", "country": "fghfg", "state": "fghfgh", "city": "fhfgh", "order_note": "fghfgh", "payment_method": "Cash on Delivery", "order_total": 5.1, "tax": 0.1, "status": "New", "ip": "127.0.0.1", "is_ordered": true, "created_at": "2024-06-28T14:36:38.476Z", "updated_at": "2024-06-28T14:36:40.075Z"}}, {"model": "orders.order", "pk": 66, "fields": {"user": 16, "payment": null, "order_number": "2024062866", "first_name": "tyhfgh", "last_name": "fghfgh", "phone": "fgh", "email": "khaledmushahed@gmail.com", "address_line_1": "fghfgh", "address_line_2": "fghfg", "country": "fgh", "state": "fh", "city": "hfgh", "order_note": "fhfgh", "payment_method": "Cash on Delivery", "order_total": 5.1, "tax": 0.1, "status": "New", "ip": "127.0.0.1", "is_ordered": true, "created_at": "2024-06-28T14:45:21.039Z", "updated_at": "2024-06-28T14:45:22.445Z"}}, {"model": "orders.order", "pk": 67, "fields": {"user": 1, "payment": 18, "order_number": "2024062967", "first_name": "rghrh", "last_name": "fghfh", "phone": "fghfgh", "email": "khaled@gmail.com", "address_line_1": "fghfhg", "address_line_2": "fghfg", "country": "hfh", "state": "hfh", "city": "fghfh", "order_note": "fghfghf", "payment_method": "Bkash", "order_total": 5.1, "tax": 0.1, "status": "New", "ip": "127.0.0.1", "is_ordered": true, "created_at": "2024-06-29T09:36:49.474Z", "updated_at": "2024-06-29T09:37:03.384Z"}}, {"model": "orders.orderproduct", "pk": 29, "fields": {"order": 62, "payment": null, "user": 1, "product": 3, "quantity": 1, "product_price": 5.0, "ordered": true, "created_at": "2024-06-24T09:11:11.950Z", "updated_at": "2024-06-24T09:11:12.148Z", "variations": [17, 18]}}, {"model": "orders.orderproduct", "pk": 30, "fields": {"order": 63, "payment": null, "user": 1, "product": 4, "quantity": 1, "product_price": 5.0, "ordered": true, "created_at": "2024-06-28T14:22:33.965Z", "updated_at": "2024-06-28T14:22:34.148Z", "variations": [21, 22]}}, {"model": "orders.orderproduct", "pk": 31, "fields": {"order": 64, "payment": null, "user": 16, "product": 3, "quantity": 1, "product_price": 5.0, "ordered": true, "created_at": "2024-06-28T14:28:42.960Z", "updated_at": "2024-06-28T14:28:43.154Z", "variations": [17, 19]}}, {"model": "orders.orderproduct", "pk": 32, "fields": {"order": 65, "payment": null, "user": 16, "product": 4, "quantity": 1, "product_price": 5.0, "ordered": true, "created_at": "2024-06-28T14:36:40.188Z", "updated_at": "2024-06-28T14:36:40.355Z", "variations": [21, 24]}}, {"model": "orders.orderproduct", "pk": 33, "fields": {"order": 66, "payment": null, "user": 16, "product": 4, "quantity": 1, "product_price": 5.0, "ordered": true, "created_at": "2024-06-28T14:45:22.560Z", "updated_at": "2024-06-28T14:45:22.739Z", "variations": [21, 23]}}, {"model": "orders.orderproduct", "pk": 34, "fields": {"order": 67, "payment": 18, "user": 1, "product": 4, "quantity": 1, "product_price": 5.0, "ordered": true, "created_at": "2024-06-29T09:37:03.455Z", "updated_at": "2024-06-29T09:37:03.637Z", "variations": [21, 22]}}, {"model": "admin_honeypot.loginattempt", "pk": 1, "fields": {"username": "khaled@gmail.com", "ip_address": "127.0.0.1", "session_key": "p9hiz1tfhujpl7wa85ext191xxnbnr77", "user_agent": "Mozilla/5.0 (Windows NT 10.0; Win64; x64) AppleWebKit/537.36 (KHTML, like Gecko) Chrome/126.0.0.0 Safari/537.36", "timestamp": "2024-06-29T12:32:14.057Z", "path": "/admin/login/?next=/admin/"}}, {"model": "admin_honeypot.loginattempt", "pk": 2, "fields": {"username": "khaled@gmail.com", "ip_address": "127.0.0.1", "session_key": "p9hiz1tfhujpl7wa85ext191xxnbnr77", "user_agent": "Mozilla/5.0 (Windows NT 10.0; Win64; x64) AppleWebKit/537.36 (KHTML, like Gecko) Chrome/126.0.0.0 Safari/537.36", "timestamp": "2024-06-29T12:32:24.138Z", "path": "/admin/login/?next=/admin/"}}]
